taxon,max,min,range
Aegicetus_gehennae,38.0,33.9,4.1
Balaena_larteti,23.03,2.588,20.442
Hoplocetus_curvidens,5.333,3.6,1.733
Orycterocetus crocodilinus,20.44,7.246,13.194
Sachalinocetus_cholmicus,23,11.6,11.4
Ihlengesi_saldanhae,16,5.3,10.7
Izikoziphius_angustus,16,5.3,10.7
Izikoziphius_rossi,16,5.3,10.7
Khoikhoicetus_agulhasis,16,5.3,10.7
Khoikhoicetus_kergueleni,16,5.3,10.7
Mesoplodon_slangkopi,16,5.3,10.7
Microberardius_africanus,16,5.3,10.7
Nenga_meganasalis,16,5.3,10.7
Pterocetus_benguelae,16,5.3,10.7
Xhosacetus_hendeysi,16,5.3,10.7
Caviziphius_altirostris,15.97,5.33,10.64
Vampalus_sayasanicus,15.97,5.33,10.64
Ziphirostrum_recurvus,15.97,5.33,10.64
Hoplocetus borgerhoutensis,11.62,1.806,9.814
Scaldicetus caretti,11.62,1.806,9.814
Babiacetus indicus,47.8,38,9.8
Basilotritus uheni,47.8,38,9.8
Georgiacetus vogtlensis,47.8,38,9.8
Aporotus_dicyrtus,11.6,2.588,9.012
Ziphirostrum_turninense,11.6,2.588,9.012
Pomatodelphis inaequalis,13.82,4.9,8.92
Rudicetus squalodontoides,15.97,7.246,8.724
Scaldicetus degiorgii,15.97,7.246,8.724
Cynthiacetus maxwelli,41.3,33.9,7.4
Microzeuglodon_caucasicum,41.2,33.9,7.3
Ziphiidae_indet_KNM_LP52956,23.3,16.1,7.2
Dalpiazina ombonii,23.03,15.97,7.06
Delphinoidea_indet_NMV_dash_72,23.03,15.97,7.06
Placoziphius duboisii,23.03,15.97,7.06
Preaulophyseter_gualichensis,23.03,15.97,7.06
Prosqualodon australis,23.03,15.97,7.06
Squalodon bariensis,23.03,15.97,7.06
Wimahl_chinookensis,23.03,15.97,7.06
Kentriodon pernix,20.44,13.82,6.62
Zarhinocetus donnamatsonae,20.44,13.82,6.62
Kentriodon schneideri,20.43,13.82,6.61
Crenatocetus_rayi,47.8,41.2,6.6
Pelocetus mirabilis,13.82,7.246,6.574
Ambulocetus natans,47.8,41.3,6.5
Artiocetus clavis,47.8,41.3,6.5
Attockicetus praecursor,47.8,41.3,6.5
Babiacetus mishrai,47.8,41.3,6.5
Dalanistes ahmedi,47.8,41.3,6.5
Dhedacetus hyaeni,47.8,41.3,6.5
Gandakasia potens,47.8,41.3,6.5
Gaviacetus razai,47.8,41.3,6.5
Ichthyolestes pinfoldi,47.8,41.3,6.5
Indocetus ramani,47.8,41.3,6.5
Kharodacetus sahnii,47.8,41.3,6.5
Kutchicetus minimus,47.8,41.3,6.5
Maiacetus inuus,47.8,41.3,6.5
Makaracetus bidens,47.8,41.3,6.5
Nalacetus ratimitus,47.8,41.3,6.5
Pakicetus attocki,47.8,41.3,6.5
Pakicetus calcis,47.8,41.3,6.5
Pakicetus chittas,47.8,41.3,6.5
Pakicetus inachus,47.8,41.3,6.5
Protocetus atavus,47.8,41.3,6.5
Qaisracetus arifi,47.8,41.3,6.5
Rayanistes afer,47.8,41.3,6.5
Remingtonocetus domandaensis,47.8,41.3,6.5
Remingtonocetus harudiensis,47.8,41.3,6.5
Rodhocetus balochistanensis,47.8,41.3,6.5
Takracetus simus,47.8,41.3,6.5
Togocetus traversei,47.8,41.3,6.5
Scaldicetus grandis,11.63,5.33,6.30
Lonchodelphis_occiduus,11.6,5.3,6.3
Balaenopteridae_indet_MHNL_1610,11.608,5.332,6.276
Scaphokogiinae_indet_MUSM_3291_et_3405,11.608,5.332,6.276
Schizodelphis_compressus,11.608,5.332,6.276
Physeteridae_indet_IRSNB_M_dot_1937,11.608,5.333,6.275
Africanacetus_ceratopsis,11.60800,5.6,6.008
Ashleycetus planicapitis,33.9,28.1,5.8
Cetacea_indet_ZMT_62,33.8,28,5.8
Coronodon havensteini,33.9,28.1,5.8
Inermorostrum xenops,33.9,28.1,5.8
Mirocetus riabinini,33.9,28.1,5.8
Odontoceti_indet_ChM_PV4178,33.9,28.1,5.8
Saurocetus gibbesii,33.9,28.1,5.8
Xenorophus sloanii,33.9,28.1,5.8
Mysticeti_indet_ChM_PV5720,28.4,23.03,5.37
Odontoceti_indet_ChM_PV2764,28.4,23.03,5.37
Odontoceti_indet_ChM_PV4802,28.4,23.03,5.37
Patriocetidae_indet_ChM_PV2761,28.4,23.03,5.37
Tlaxcallicetus guaycurae,28.4,23.03,5.37
Tlaxcallicetus_sp_MU_EcSj5_slash_18_slash_95,28.4,23.03,5.37
Argyrocetus bakersfieldensis,28.1,23.03,5.07
Argyrocetus joaquinensis,28.1,23.03000,5.07
Arktocara yakataga,28.1,23.03,5.07
Atropatenocetus posteocenicus,28.1,23.03,5.07
Chonecetus tomitai,28.1,23.03,5.07
Cotylocara macei,28.1,23.03,5.07
Eosqualodon langewieschei,28.1,23.03,5.07
Ferecetotherium kelloggi,28.1,23.03,5.07
Iniopsis caucasica,28.1,23.03,5.07
Macrodelphinus kelloggi,28.1,23.03,5.07
Metasqualodon_symmetricus,28.1,23.03,5.07
Microcetus ambiguus,28.1,23.03,5.07
Microcetus sharkovi,28.1,23.03,5.07
Miodelphis californicus,28.1,23.03,5.07
Oligodelphis azerbajdzanicus,28.1,23.03,5.07
Patriocetus denggi,28.1,23.03,5.07
Patriocetus ehrlichii,28.1,23.03,5.07
Patriocetus kazakhstanicus,28.1,23.03,5.07
Prosqualodon_hamiltoni,28.1,23.03,5.07
Sitsqwayk cornishorum,28.1,23.03,5.07
Squalodon barbarus,28.1,23.03,5.07
Squalodon grateloupii,28.1,23.03,5.07
Squalodon hypsispondylus,28.1,23.03,5.07
Squalodon linzianus,28.1,23.03,5.07
Sulakocetus dagestanicus,28.1,23.03,5.07
Aetiocetidae_indet_UWBM_82941,27.82,23.03,4.79
Aetiocetidae_indet_UWBM_87135,27.82,23.03,4.79
Agorophiidae_indet_ChM_PV5852,27.82,23.03,4.79
Agorophius pygmaeus,27.82,23.03,4.79
Albertocetus_sp_ChM_PV4834,27.82,23.03,4.79
Salishicetus_meadi,27.82,23.03,4.79
Squalodon_sp_OU_21798,27.82,23.03,4.79
Squalodontidae_indet_ChM_PV4961,27.82,23.03,4.79
Squalodontidae_indet_ChM_PV4991,27.82,23.03,4.79
Xenorophidae_indet_ChM_PV2758,27.82,23.03,4.79
Xenorophidae_indet_ChM_PV4746,27.82,23.03,4.79
Xenorophidae_indet_ChM_PV5711,27.82,23.03,4.79
aff_Huaridelphis_raimondii_MUSM_603,20.44,15.97,4.47
Cetotherium furlongi,20.44,15.97,4.47
Chilcacetus cavirhinus,20.44,15.97,4.47
Cophocetus oregonensis,20.44,15.97,4.47
Delphinodon dividum,20.44,15.97,4.47
Dilophodelphis fordycei,20.44,15.97,4.47
Eoplatanista taurinensis,20.44,15.97,4.47
Hibacetus hirosei,20.44,15.97,4.47
Hoplocetus crassidens,20.44,15.97,4.47
Huaridelphis raimondii,20.44,15.97,4.47
Idiorophus patagonicus,20.44,15.97,4.47
Inticetus vertizi,20.44,15.97,4.47
Medocinia tetragorhina,20.44,15.97,4.47
Mesocetus aquitanicus,20.44,15.97,4.47
Mesocetus siphunculus,20.44,15.97,4.47
Miokogia elongatus,20.44,15.97,4.47
Neosqualodon assenzae,20.44,15.97,4.47
Neosqualodon gastaldii,20.44,15.97,4.47
Ninjadelphis ujiharai,20.44,15.97,4.47
Parietobalaena affinis,20.44,15.97,4.47
Phoberodon arctirostris,20.44,15.97,4.47
Phocageneus venustus,20.44,15.97,4.47
Phococetus vasconum,20.44,15.97,4.47
Physeterula dubusi,20.44,15.97,4.47
Plesiocetus dyticus,20.44,15.97,4.47
Pomatodelphis stenorhynchus,20.44,15.97,4.47
Scaldicetus perpinguis,20.44,15.97,4.47
Schizodelphis barnesi,20.44,15.97,4.47
Schizodelphis planus,20.44,15.97,4.47
Schizodelphis squalodontoides,20.44,15.97,4.47
Schizodelphis sulcatus,20.44,15.97,4.47
Squalodon bordae,20.44,15.97,4.47
Squalodon dalpiazi,20.44,15.97,4.47
Squalodon melitensis,20.44000,15.97,4.47
Squalodon meyeri,20.44,15.97,4.47
Squalodon molassicus,20.44,15.97,4.47
Squalodon servatus,20.44,15.97,4.47
Squalodon vocontiorum,20.44,15.97,4.47
Squalodon whitmorei,20.44,15.97,4.47
Xiphiacetus bossi,20.44,15.97,4.47
Squalodon_sp_MAUL_8,20.43,15.97,4.46
Rhinostodes_lovisatoi,11.63,7.246,4.384
Aglaocetus burtinii,11.62,7.246,4.374
Aglaocetus rotundus,11.62,7.246,4.374
Amphicetus later,11.62,7.246,4.374
Archaeschrichtius ruggieroi,11.62,7.246,4.374
Atocetus nasalis,11.62,7.246,4.374
Aulophyseter mediatlanticus,11.62,7.246,4.374
Cetorhynchus atavus,11.62,7.246,4.374
Dagonodum mojnum,11.62,7.246,4.374
Eodelphinus kabatensis,11.62,7.246,4.374
Graamocetus longicollis,11.62,7.246,4.374
Herentalia nigra,11.62,7.246,4.374
Heterocetus scriptus,11.62,7.246,4.374
Heterodelphis klinderi,11.62,7.246,4.374
Imerocetus karaganicus,11.62,7.246,4.374
Incakujira anillodefuego,11.62,7.246,4.374
Ischyrorhynchus vanbenedeni,11.62,7.246,4.374
Koristocetus pescei,11.62,7.246,4.374
Lomacetus ginsburgi,11.62,7.246,4.374
Lophocetus calvertensis,11.62,7.246,4.374
Lophocetus repenningi,11.62,7.246,4.374
Metopocetus hunteri,11.62,7.246,4.374
Mithridatocetus adygeicus,11.62,7.246,4.374
Mithridatocetus eichwaldi,11.62,7.246,4.374
Mixocetus elysius,11.62,7.246,4.374
Nannocetus eremus,11.62,7.246,4.374
Nanokogia isthmia,11.62,7.246,4.374
Notoziphius bruneti,11.62,7.246,4.374
Parapontoporia wilsoni,11.62,7.246,4.374
Piscolithax aenigmaticus,11.62,7.246,4.374
Plesiocetus giganteus,11.62,7.246,4.374
Plesiocetus intermedius,11.62,7.246,4.374
Plesiocetus minor,11.62,7.246,4.374
Plesiocetus rostratus,11.62,7.246,4.374
Plesiocetus tertius,11.62,7.246,4.374
Protophocaena minima,11.62,7.246,4.374
Pterophocaena nishinoi,11.62,7.246,4.374
Salumiphocaena stocktoni,11.62,7.246,4.374
Saurocetes argentinus,11.62,7.246,4.374
Scaphokogia cochlearis,11.62,7.246,4.374
Stenasodelphis russellae,11.62,7.246,4.374
Tranatocetus argillarius,11.62,7.246,4.374
Zarhachis tysonii,11.62,7.246,4.374
Otradnocetus_sp_VSEGEI_2401,11.608,7.246,4.362
Otradnocetus_virodovi,15.97,11.608,4.362
Pachyacanthus suessii,15.97,11.608,4.362
Squalodon_mirabilis,15.97,11.608,4.362
Aglaocetus latifrons,15.97,11.62,4.35
Aglaocetus longifrons,15.97,11.62,4.35
Aporotus recurvirostris,15.97,11.62,4.35
Isocetus depauwi,15.97,11.62,4.35
Parietobalaena laxata,15.97,11.62,4.35
Schizodelphis morckhoviensis,15.97,11.62,4.35
Squalodon protervus,15.97,11.62,4.35
Taikicetus inouei,15.97,11.62,4.35
Zarhachis crassangulum,15.97,11.62,4.35
Zarhinocetus errabundus,15.97,11.62,4.35
Cetorhynchus_christoli,15.97,11.63,4.34
Cetotheriidae_indet_ZIRM_V28_1,15.97,11.63,4.34
Kentriodon_hobetsu,15.97,11.63,4.34
Ceterhinops_longifrons,29,24.7,4.3
Choneziphius_macrops,29,24.7,4.3
Papahu_sp_ZMT_73,23,18.7,4.3
Brachydelphis mazeasi,13.82,9.63,4.19
Basilosaurus cetoides,38,33.9,4.1
Basilosaurus isis,38,33.9,4.1
Chrysocetus healyorum,38,33.9,4.1
Cynthiacetus peruvianus,38,33.9,4.1
Dorudon atrox,38,33.9,4.1
Dorudon serratus,38,33.9,4.1
Masracetus markgrafi,38,33.9,4.1
Mystacodon selenensis,38,33.9,4.1
Platyosphys paulsonii,38,33.9,4.1
Saghacetus osiris,38,33.9,4.1
Stromerius nidensis,38,33.9,4.1
Zygorhiza kochii,38,33.9,4.1
Olympicetus_avitus,30.5,26.5,4.0
Ancalecetus simonsi,37.8,33.9,3.9
Cetotheriopsis lintianus,26.84,23.19,3.65
Beneziphius cetariensis,7.246,3.6,3.646
Imocetus piscatus,7.246,3.6,3.646
Pliopontos littoralis,7.246,3.6,3.646
Balaenotus insignis,5.333,1.806,3.527
Etruridelphis giulii,5.333,1.806,3.527
Mesoplodon longirostris,5.333,1.806,3.527
Pomatodelphis bobengi,13.82,10.3,3.52
Otekaikea marplesi,25.2,21.7,3.5
Basilotritus_sp_GMTSNUK_15,41.2,37.8,3.4
Platyosphys_einori,41.2,37.8,3.4
Delphinavus newhalli,13.6,10.3,3.3
Aegyptocetus tarfa,41.3,38,3.3
Andrewsiphius sloani,47.8,44.5,3.3
Basilosaurus drazindai,41.3,38,3.3
Basiloterus hussaini,41.3,38,3.3
Basilotritus wardii,41.3,38,3.3
Carolinacetus gingerichi,41.3,38,3.3
Chrysocetus fouadassii,41.3,38,3.3
Eocetus schweinfurthi,41.3,38,3.3
Natchitochia jonesi,41.3,38,3.3
Ocucajea picklingi,41.3,38,3.3
Pappocetus lugardi,41.3,38,3.3
Platyosphys aithai,41.3,38,3.3
Supayacetus muizoni,41.3,38,3.3
Cephalotropis coronatus,11.7,8.5,3.2
Basilosauridae_indet_MUSM_1443,40.4,37.2,3.2
Mysticeti_indet_USNM_314627,33.7,30.6,3.1
Simocetus rayi,33.7,30.6,3.1
Phocaenopsis mantelli,19,15.9,3.1
Aetiocetus polydentatus,26.1,23.03,3.07
Aetiocetus cotylalveus,31,28,3
Echovenator sandersi,27,24,3
Xenorophus_sp_ChM_PV4823,30,27,3
Albertocetus meffordorum,29,26.2,2.8
Morawanocetus yabukii,26.1,23.3,2.8
Platalearostrum_hoekmani,3.6,0.8,2.8
Kogia_sp_MSNTUP_I13798,5.333,2.58,2.753
Kogiinae_indet_ChM_VP4994,5.333,2.58,2.753
Plesiocetopsis_notopelagicus,5.33,2.58,2.75
Priscophyseter_typus,5.33,2.58,2.75
Astadelphis gastaldii,5.333,2.588,2.745
Cetotherium capellinii,5.333,2.588,2.745
Hemisyntrachelus cortesii,5.333,2.588,2.745
Scaldicetus minor,5.333,2.588,2.745
Semirostrum ceruttii,5.333,2.588,2.745
Septidelphis morii,5.333,2.588,2.745
Tursiops capellinii,5.333,2.588,2.745
Physeter_antiquus,5.33,2.588,2.742
Mesocetus hungaricus,13.82,11.1,2.72
Balaena_sp_SDSNH_43880,5.3,2.58,2.72
Eschrichtiidae_indet_SDSNH_90517,5.3,2.58,2.72
Plesiocetus_occidentalis,16.3,13.6,2.7
Archaeodelphis patrius,27.2,24.5,2.7
Papahu taitapu,21.7,19,2.7
Waipatia maerewhenua,27.2,24.5,2.7
Squalodelphinidae_indet_USNM_475596,23.03,20.43,2.60
Squalodelphinidae_indet_UWBM_87105,23.03,20.43,2.60
Squalodon tiedemani,23.03,20.43,2.60
Scaldiporia vandokkumi,7.6,5,2.6
Squalodon bellunensis,23.04,20.44,2.60
Diaphorocetus poucheti,23.03,20.44,2.59
Eoplatanista gresalensis,23.03,20.44,2.59
Eoplatanista italica,23.03,20.44,2.59
Eoplatanista miocaenus,23.03,20.44,2.59
Eosqualodon latirostris,23.03,20.44,2.59
Goedertius_oregonensis,23.03,20.44,2.59
Incacetus broggii,23.03,20.44,2.59
Mycteriacetus bellunensis,23.03,20.44,2.59
Notocetus vanbenedeni,23.03,20.44,2.59
Platanistoidea_indet_OU_22670,23.03,20.44,2.59
Prosqualodon davidis,23.03,20.44,2.59
Protodelphinus capellinii,23.03,20.44,2.59
Scaldicetus bellunensis,23.03,20.44,2.59
Squalodelphis fabianii,23.03,20.44,2.59
Squalodon calvertensis,23.03,20.44,2.59
Squalodon catulli,23.03,20.44,2.59
Squalodon peregrinus,23.03,20.44,2.59
Squaloziphius emlongi,23.03,20.44,2.59
Zarhachis flagellator,23.03,20.44,2.59
Ziphiodelphis abeli,23.03,20.44,2.59
Ziphiodelphis sigmoideus,23.03,20.44,2.59
Notiocetus_platensis,2.588,0.0117,2.5763
Physeterula_neolassicus,2.588,0.0117,2.5763
Janjucetus hunderi,28.1,25.6,2.5
Messapicetus longirostris,10.5,8.14,2.36
Zygophyseter varolai,10.5,8.14,2.36
Thalassotherii_indet_USNM_187416,15.97,13.63,2.34
Aondelphis talen,18.3,15.97,2.33
Argyrocetus patagonicus,18.3,15.97,2.33
Prepomatodelphis korneuburgensis,15.97,13.65,2.32
Balaenula_sp_SMAC_1309,6.4,4.1,2.3
Balaenoptera_cuvieri,5.3,3.0,2.3
Kurdalagonus maicopicum,13.82,11.608,2.212
Lissodelphis fockii,13.82,11.608,2.212
Fucaia_buelli,33.2,31,2.2
Acrophyseter robustus,13.82,11.62,2.20
Atocetus iquensis,13.82,11.62,2.20
Belonodelphis peruanus,13.82,11.62,2.20
Brujadelphis ankylorostris,13.82,11.62,2.20
Delphinus delannoy,13.82,11.62,2.20
Goniodelphis hudsoni,13.82,11.62,2.20
Halicetus ignotus,13.82,11.62,2.20
Heterodelphis leiodontus,13.82,11.62,2.20
Hoplocetus ritzi,13.82,11.62,2.20
Imerodelphis thabagarii,13.82,11.62,2.20
Kampholophos serrulus,13.82,11.62,2.20
Kentriodon hoepfneri,13.82,11.62,2.20
Kogiopsis floridana,13.82,11.62,2.20
Macrokentriodon morani,13.82,11.62,2.20
Palaeophocaena andrussowi,13.82,11.62,2.20
Phocaenopsis scheynensis,13.82,11.62,2.20
Pontistes rectifrons,13.82,11.62,2.20
Praemegaptera pampauensis,13.82,11.62,2.20
Scaldicetus inflatus,13.82,11.62,2.20
Schizodelphis bogatshowi,13.82,11.62,2.20
Sophianacetus commenticius,13.82,11.62,2.20
Squalodon imperator,13.82,11.62,2.20
Tagicetus joneti,13.82,11.62,2.20
Saurocetes gigas,9,6.8,2.2
Mauicetus parki,25.2,23,2.2
Plesiobalaenoptera quarantellii,11.6,9.4,2.2
Eobalaenoptera harrisoni,13.82,11.63,2.19
Pomatodelphis_sp_USNM_187414,13.82,11.63,2.19
Micromysticetus tobieni,28.73,26.57,2.16
Albicetus oxymycterus,15.97,13.82,2.15
Aulophyseter morricei,15.97,13.82,2.15
Balaena_macrocephalus,15.97,13.82,2.15
Balaenoptera_cephalus,15.97,13.82,2.15
Balaenoptera_sursiplana,15.97,13.82,2.15
Brygmophyseter shigensis,15.97,13.82,2.15
Delphinodon carniolicus,15.97,13.82,2.15
Hadrodelphis calvertense,15.97,13.82,2.15
Hadrodelphis poseidon,15.97,13.82,2.15
Idiophyseter merriami,15.97,13.82,2.15
Kentriodon diusinus,15.97,13.82,2.15
Kentriodon fuchsii,15.97,13.82,2.15
Kentriodon obscurus,15.97,13.82,2.15
Lamprolithax annectens,15.97,13.82,2.15
Lamprolithax simulans,15.97,13.82,2.15
Liolithax kernensis,15.97,13.82,2.15
Liolithax pappus,15.97,13.82,2.15
Loxolithax sinuosa,15.97,13.82,2.15
Mesocetus brachyspondylus,15.97,13.82,2.15
Nannolithax gracilis,15.97,13.82,2.15
Oedolithax mira,15.97,13.82,2.15
Palaeobalaena bergi,15.97,13.82,2.15
Parietobalaena securis,15.97,13.82,2.15
Physeter vetus,15.97,13.82,2.15
Pinocetus polonicus,15.97,13.82,2.15
Platylithax robusta,15.97,13.82,2.15
Sinanodelphis izumidaensis,15.97,13.82,2.15
Squalodon atlanticus,15.97,13.82,2.15
Tangaroasaurus kakanuiensis,15.97,13.82,2.15
Vanbreenia trigonia,15.97,13.82,2.15
Zarhachis velox,15.97,13.82,2.15
Austrosqualodon trirhizodonta,27.3,25.2,2.1
Awamokoa tokarahi,27.3,25.2,2.1
Horopeta umarere,27.3,25.2,2.1
Kekenodon onamata,27.3,25.2,2.1
Otekaikea huata,27.3,25.2,2.1
Tohoraata raekohao,27.3,25.2,2.1
Tohoraata waitakiensis,27.3,25.2,2.1
Toipahautea waitaki,27.3,25.2,2.1
Tokarahia kauaeroa,27.3,25.2,2.1
Tokarahia_lophocephalus,27.3,25.2,2.1
Waipatia_hectori,27.3,25.2,2.1
Whakakai waipata,27.3,25.2,2.1
Cetotherium_polyporum,4.9,2.8,2.1
Diorocetus shobarensis,17,14.9,2.1
Parietobalaena yamaokai,17,14.9,2.1
Ninoziphius platyrostris,5.9,3.9,2.0
Choneziphius planirostris,9.5,7.5,2.0
Tiucetus rosae,11,9,2
Urkudelphis chawpipacha,26,24,2
Ziphirostrum marginatum,9.5,7.5,2.0
Acrophyseter deinodon,7.246,5.333,1.913
Albireo whistleri,7.246,5.333,1.913
Archaeophocaena teshioensis,7.246,5.333,1.913
Awadelphis hirayamai,7.246,5.333,1.913
Denebola brachycephala,7.246,5.333,1.913
Hemisyntrachelus oligodon,7.246,5.333,1.913
Isthminia panamensis,7.246,5.333,1.913
Meherrinia isoni,7.246,5.333,1.913
Miophocaena nishinoi,7.246,5.333,1.913
Odobenocetops leptodon,7.246,5.333,1.913
Odobenocetops peruvianus,7.246,5.333,1.913
Parapontoporia pacifica,7.246,5.333,1.913
Piscocetus sacaco,7.246,5.333,1.913
Piscolithax boreios,7.246,5.333,1.913
Piscolithax longirostris,7.246,5.333,1.913
Piscolithax tedfordi,7.246,5.333,1.913
Praekogia cedrosensis,7.246,5.333,1.913
Scaldicetus macgeei,7.246,5.333,1.913
Zygiocetus nartorum,7.246,5.333,1.913
Parietobalaena palmeri,16.4,14.5,1.9
Archaeoziphius microglenoideus,15,13.2,1.8
Mammalodon colliveri,25.7,23.9,1.8
Parietobalaena campiniana,15.0,13.2,1.8
Anoplonassa_forcipata,5.3,3.5,1.8
Arimidelphis sorbinii,3.6,1.806,1.794
Balaenopteridae_indet_MHNL_1613,3.6,1.806,1.794
Belemnoziphius compressus,3.6,1.806,1.794
Orcinus citoniensis,3.6,1.806,1.794
Africanacetus gracilis,5.333,3.6,1.733
Aprixokogia kelloggi,5.333,3.6,1.733
Auroracetus bakerae,5.333,3.6,1.733
Australodelphis mirus,5.333,3.6,1.733
Balaenoptera taiwanica,5.333,3.6,1.733
Belemnoziphius prorops,5.333,3.6,1.733
Bohaskaia monodontoides,5.333,3.6,1.733
Brabocetus gigaseorum,5.333,3.6,1.733
Choneziphius chonops,5.333,3.6,1.733
Choneziphius liops,5.333,3.6,1.733
Choneziphius trachops,5.333,3.6,1.733
Delphinus domeykoi,5.333,3.6,1.733
Fragilicetus velponi,5.333,3.6,1.733
Haborophocoena minutus,5.333,3.6,1.733
Haborophocoena toyoshimai,5.333,3.6,1.733
Herpetocetus sendaicus,5.333,3.6,1.733
Heterocetus guiscardii,5.333,3.6,1.733
Lagenorhynchus harmatuki,5.333,3.6,1.733
Mesoplodon tumidirostris,5.333,3.6,1.733
Numataphocoena yamashitai,5.333,3.6,1.733
Orycterocetus cornutidens,5.333,3.6,1.733
Orycterocetus quadratidens,5.333,3.6,1.733
Stenella rayi,5.333,3.6,1.733
Balaenopteridae_indet_RBINS_Unreferred,5.332,3.6,1.732
Balaenula_sp_HUES_10003,5.332,3.6,1.732
Herpetocetus_sp_NMNS_PV19540,5.332,3.6,1.732
Megaptera_hubachi,5.33,3.6,1.73
Balaenopteridae_indet_NMNZ_MM001630,5.3,3.6,1.7
Delphinus_rikuzenensis,5.3,3.6,1.7
Cetotherium_megalophysum,11.7,10,1.7
Choneziphius leidyi,6.1,4.4,1.7
Globicetus hiberus,6.1,4.4,1.7
Metopocetus durinasus,11.7,10.00,1.7
Titanocetus sammarinensis,16.4,14.7,1.7
Tusciziphius atlanticus,6.1,4.4,1.7
Chimuziphius_coloradensis,8.9,7.249,1.651
Aetiocetidae_indet_OCPC_1178,18.8,17.2,1.6
Aglaocetus moreni,19.8,18.2,1.6
Fucaia goedertorum,28.1,26.5,1.6
Morenocetus parvus,19.8,18.2,1.6
Brandtocetus chongulek,11.2,9.6,1.6
Cetotherium rathkii,11.2,9.6,1.6
Cetotherium riabinini,11.2,9.6,1.6
Piscobalaena nana,7.5,5.9,1.6
Balaenula balaenopsis,4,2.5,1.5
Herpetocetus bramblei,6.4,4.9,1.5
Isanacetus laticephalus,17.5,16,1.5
Micromysticetus rothauseni,29.6,28.1,1.5
Mysticeti_indet_ChM_PV4745,29.6,28.1,1.5
Balaena_arcuata,16.5,15.1,1.4
Balaena_dubusi,16.5,15.1,1.4
Eudelphis mortezelensis,16.5,15.1,1.4
Eurhinodelphis cocheteuxi,16.5,15.1,1.4
Eurhinodelphis longirostris,16.5,15.1,1.4
Herpetocetus scaldiensis,16.5,15.1,1.4
Heterocetus brevifrons,16.5,15.1,1.4
Mesocetus longirostris,16.5,15.1,1.4
Pithanodelphis_cornutus,16.5,15.1,1.4
Plesiocetopsis hupschii,16.5,15.1,1.4
Scaldicetus_antwerpiensis,16.5,15.1,1.4
Squalodon antverpiensis,16.5,15.1,1.4
Thalassocetus_antwerpiensis,16.5,15.1,1.4
Xiphiacetus cristatus,16.5,15.1,1.4
Herpetocetus_sp_VMW_65,2.1,0.7,1.4
Balaenidae_indet_OU_22224,27.3,26,1.3
Eomysticetus whitmorei,28.1,26.8,1.3
Idiorophus bolzanensis,21.73,20.43,1.30
Mammalodon hakataramea,27.3,26,1.3
Diorocetus chichibuensis,16.4,15.1,1.3
Parietobalaena_sp_SMNH_VeF62,16.4,15.1,1.3
Chaeomysticeti_indet_OU_22705,21.7,20.5,1.2
Chaeomysticeti_indet_ZMT_67,21.7,20.5,1.2
Eomysticetus carolinensis,24.7,23.5,1.2
Ciuciulea_davidi,13.82,12.65,1.17
Uranocetus gramensis,8.6,7.5,1.1
Yamatocetus canaliculatus,29.2,28.1,1.1
Anacharsis orbus,12.7,11.608,1.092
Eucetotherium helmersenii,12.7,11.608,1.092
Heterodelphis croatica,12.7,11.608,1.092
Leptodelphis stavropolitanus,12.7,11.608,1.092
Mesocetus agrami,12.7,11.608,1.092
Microphocaena podolica,12.7,11.608,1.092
Protororqualus cuvieri,12.7,11.608,1.092
Sarmatodelphis moldavicus,12.7,11.608,1.092
Balaena pampaea,1.806,0.781,1.025
Notiocetus romerianus,1.806,0.781,1.025
Orcinus paleorca,1.806,0.781,1.025
Pseudorca yokoyamai,1.806,0.781,1.025
Cetotheriophanes_capellinii,3.6,2.58,1.02
Albireo savagei,3.6,2.588,1.012
Balaenoptera davidsonii,3.6,2.588,1.012
Balaenotus orcianensis,3.6,2.588,1.012
Balaenula forsythmajori,3.6,2.588,1.012
Delphinapterus_brocchii,3.6,2.588,1.012
Globicephala etruriae,3.6,2.588,1.012
Kogia pusilla,3.6,2.588,1.012
Parapontoporia sternbergi,3.6,2.588,1.012
Protoglobicephala mexicana,3.6,2.588,1.012
Septemtriocetus bosselaersi,3.6,2.588,1.012
Tursiops brochii,3.6,2.588,1.012
Tursiops osennae,3.6,2.588,1.012
Gricetoides aurorae,4.9,3.9,1.0
Allodelphis pratti,22,21,1
Allodelphis woodburnei,22,21,1
Araeodelphis natator,17,16,1
Balaenoptera siberi,8,7,1
Balaenula astensis,4,3,1
Eschrichtioides gastaldii,4,3,1
Herpetocetus morrowi,3.5,2.5,1.0
Himalayacetus subathuensis,54,53,1
Livyatan melvillei,9.9,8.9,1.0
Messapicetus gregarius,9.1,8.1,1.0
Mysticeti_indet_OU_GS10897,33,32,1
Pelocetus calvertensis,15.5,14.5,1.0
Mesoplodon posti,4.86,3.9,0.96
Kurdalagonus mchedlidzei,12.1,11.2,0.9
Balaenoptera bertae,3.4,2.5,0.9
Parabalaenoptera baulinensis,7.6,6.7,0.9
Matapanui waihao,28.1,27.3,0.8
Peripolocetus vexillifer,16,15.2,0.8
Tiphyocetus temblorensis,16,15.2,0.8
Balaena affinis,2.588,1.806,0.782
Globicephala uncidens,2.588,1.806,0.782
Ziphius compressus,2.588,1.806,0.782
Chonecetus sookensis,24.8,24.1,0.7
Platanistinae_indet_MUSM_1611,13.2,12.5,0.7
Idiocetus guicciardinii,3.2,2.588,0.612
Balaena montalionis,4.5,3.9,0.6
Aglaocetus patulus,14.5,13.9,0.6
Balaenella brachyrhynus,5.0,4.4,0.6
Diorocetus hiatus,14.5,13.9,0.6
Diunatans luctoretemergo,5,4.4,0.6
Archaebalaenoptera castriarquati,3.6,3.1,0.5
Balaena ricei,4.9,4.4,0.5
Herpetocetus transatlanticus,4.9,4.4,0.5
Tursiops_astensis,3.5,3,0.5
Eubalaena ianitrix,3.2,2.8,0.4
Beneziphius_brevirostris,13.2,12.8,0.4
Joumocetus shimizui,11.3,11.0,0.3
Megaptera_miocaena,7.6,7.3,0.3
Tusciziphius crispus,4.12,3.84,0.28
Brachydelphis jahuayensis,9.63,9.38,0.25
Nazcacetus urbinai,7.55,7.3,0.25
Chavinziphius maxillocristatus,6.93,6.71,0.22
Llanocetus denticrenatus,34.2,34,0.2
Acrophyseter_sp_MUSM_2182,6.9,6.7,0.2
Miocaperea pulchra,7.5,7.3,0.2
Eubalaena shinshuensis,6.1,5.9,0.2
Eschrichtius_akishimaensis,1.95,1.77,0.18
Macrosqualodelphis ukupachai,18.86,18.7,0.16
Aetiocetus weltoni,28.1,28,0.1
Australithax intermedia,9.1,9,0.1
Thinocetus arthritus,13.5,13.4,0.1
Waharoa ruwhenua,25.4,25.3,0.1
Balaena mysticetus,0,0,0
Balaenoptera acutorostrata,0,0,0
Balaenoptera bonaerensis,0,0,0
Balaenoptera borealis,0,0,0
Balaenoptera edeni,0,0,0
Balaenoptera musculus,0,0,0
Balaenoptera omurai,0,0,0
Balaenoptera physalus,0,0,0
Balaenoptera_brevicauda,,,
Balaenoptera_brydei,0,0,0
Balaenoptera_fasciata,,,
Basilosaurus_puschi,,,
Berardius arnuxii,0,0,0
Berardius bairdii,0,0,0
Caperea marginata,0,0,0
Cephalorhynchus commersoni,0,0,0
Cephalorhynchus eutropia,0,0,0
Cephalorhynchus heavisidii,0,0,0
Cephalorhynchus_hectori,0,0,0
Cetotherium_crassangulum,33,2.58,2.75
Delphinapterus leucas,0,0,0
Delphinus delphis,0,0,0
Delphinus_capensis,0,0,0
Delphinus_dewaeli,,,
Delphinus_feres,,,
Delphinus_tropicalis,0,0,0
Delphinus_wasii,,,
Eschrichtius robustus,0,0,0
Eubalaena australis,0,0,0
Eubalaena glacialis,0,0,0
Eubalaena japonica,0,0,0
Eudelphinus_compressus,,,
Feresa attenuata,0,0,0
Globicephala macrorhynchus,0,0,0
Globicephala melas,0,0,0
Globicephalus_karsteni,,,
Grampus griseus,0,0,0
Herpetocetus_sp_USNM_182962,,,
Heterocetus_major,5.33,2.588,2.742
Hyperoodon ampullatus,0,0,0
Hyperoodon planifrons,0,0,0
Indopacetus pacificus,0,0,0
Inia araguaiaensis,0,0,0
Inia geoffrensis,0,0,0
Kogia breviceps,0,0,0
Kogia sima,0,0,0
Lagenodelphis hosei,0,0,0
Lagenorhynchus albirostris,0,0,0
Sagmatias obliquidens,0,0,0
Leucopleurus acutus,0,0,0
Lipotes vexillifer,0,0,0
Lissodelphis borealis,0,0,0
Lissodelphis peronii,0,0,0
Macrodelphinus_valenciennesii,,,
Megaptera novaeangliae,0,0,0
Megaptera_brachychira,,,
Megaptera_mysticetoides,,,
Mesoplodon bidens,0,0,0
Mesoplodon bowdoini,0,0,0
Mesoplodon carlhubbsi,0,0,0
Mesoplodon densirostris,0,0,0
Mesoplodon ginkgodens,0,0,0
Mesoplodon grayi,0,0,0
Mesoplodon hectori,0,0,0
Mesoplodon layardii,0,0,0
Mesoplodon mirus,0,0,0
Mesoplodon perrini,0,0,0
Mesoplodon peruvianus,0,0,0
Mesoplodon stejnegeri,0,0,0
Mesoplodon_bononiensis,,,
Mesoplodon_europaeus,0,0,0
Mesoplodon_hotaula,0,0,0
Mesoplodon_traversii,0,0,0
Monodon monoceros,0,0,0
Neophocaena phocaenoides,0,0,0
Orcaella brevirostris,0,0,0
Orcaella heinsohni,0,0,0
Orcinus orca,0,0,0
Orcinus_meyeri,,,
Peponocephala electra,0,0,0
Phocoena dioptrica,0,0,0
Phocoena phocoena,0,0,0
Phocoena sinus,0,0,0
Phocoena spinipinnis,0,0,0
Phocoenoides dalli,0,0,0
Physalus_patachonicus,,,
Physeter macrocephalus,0,0,0
Platanista gangetica,0,0,0
Pontobasileus_tuberculatus,,,
Pontoporia blainvillii,0,0,0
Pseudorca crassidens,0,0,0
Rodhocetus kasranii,46.5,46.5,0.0
Sagmatias australis,0,0,0
Sagmatias cruciger,0,0,0
Sagmatias_obscurus,0,0,0
Sotalia fluviatilis,0,0,0
Sotalia_guianensis,0,0,0
Sotalia_maculiventer,,,
Sousa chinensis,0,0,0
Sousa plumbea,0,0,0
Sousa sahulensis,0,0,0
Sousa teuszii,0,0,0
Squalodelphinidae_indet_MUSM_603,,,
Squalodelphinidae_indet_USNM_475496,,,
Squalodon_rugidens,,,
Squalodontidae_indet_ChM_PV_4991,,,
Stenella attenuata,0,0,0
Stenella coeruleoalba,0,0,0
Stenella frontalis,0,0,0
Stenella longirostris,0,0,0
Stenella_clymene,0,0,0
Stenella_dubia,0,0,0
Steno bredanensis,0,0,0
Stereodelphis_brevidens,,,
Tasmacetus shepherdi,0,0,0
Tursiops aduncus,0,0,0
Tursiops truncatus,0,0,0
Tursiops_australis,0,0,0
Tursiops_erebennus,,,
Tursiops_subridens,,,
Xenorophidae_indet_GSM_1098,,,
Ziphius cavirostris,0,0,0
Cetotherium parvum,15.97,13.82,2.15
cf_Cynthiacetus_sp_CCNHM_167,,,
Archaebalaenoptera_liesselensis,8.1,7.5,0.6
Balaenopteridae_indet_EGAPA_dash_MPTAM_207_dot_13307,3.6,2.588,1.012
Balaenopteridae_indet_IPMM_40063,5.333,3.6,1.733
Balaenopteridae_indet_NMR_999100007096,3.6,2.588,1.012
Balaenopteridae_indet_RBINS_M_dot_2231,5.333,3.6,1.733
Balaenopteridae_indet_RBINS_M_dot_2315,5.333,3.6,1.733
Balaenopteridae_indet_SAM_PQL_dash_55001,11.63,5.33,6.30
Balaenopteridae_indet_UT_PU13842_slash_5,5.333,3.6,1.733
Borealodon_osedax,30.6,28.3,2.3
Casatia_thermophila,5.08,4.52,0.56
Ediscetus_osbornei,28.75,28.43,0.32
Eubalaena_sp_MASCC_Unreferred,3.5,3.3,0.2
Haborodelphis_japonicus,5.33,3.6,1.73
Maiabalaena_nesbittae,33.7,30.6,3.1
Miobalaenoptera_numataensis,6.8,6.5,0.3
Monodontidae_indet_IRSNB_M_1922,5.333,3.6,1.733
Nehalaennia_devossi,8.7,8.1,0.6
Niparajacetus_palmadentis,28.1,23.03,5.07
Norrisanima_miocaena,7.6,7.3,0.3
Odontoceti_indet_CCNHM_1000,30.5,26.5,4.0
Orycterocetus_sp_MAUL_29_slash_1,18,6,12
Peregocetus_pacificus,47.8,41.3,6.5
Pliokogia_apenninica,5.08,5.04,0.04
Squalodon_sp_OU_21819,,,
Squalodontidae_indet_OU_21798,27.82,23.03,4.79
Tupelocetus_palmeri,41.3,38,3.3
Yaquinacetus_meadi,24,19.2,4.8
Kentriodon_nakajimai,11.87,11.25,0.62
Herpetocetus_sp_NMNS_PV19540_et_USNM_362901,5.333,3.6,1.733
Tranatocetus_maregermanicum,8.1,7.5,0.6
Balaenopteridae_indet_aka_portisi_MRSN_PU13808_et_MGPT_13803_et_MCZ_17882_et_SDSNH_21507_et_65769_et_68698,3.6,2.588,1.012
Kwanzacetus_khoisani,11.62,5.33,6.29
Lissodelphis_nordmanni,12.7,11.608,1.092
Sulaimanitherium_dhanotri,41.3,38,3.3